{"cameraMode":{"drawMode":0,"name":"Shaded","section":"Shading Mode"},"sceneLighting":true,"audioPlay":false,"sceneViewState":{"m_AlwaysRefresh":false,"showFog":true,"showSkybox":true,"showFlares":true,"showImageEffects":true,"showParticleSystems":true,"showVisualEffectGraphs":true,"m_FxEnabled":true},"in2DMode":false,"pivot":{"x":0.0003371238708496094,"y":1.3031713962554932,"z":-2.086162567138672e-7},"rotation":{"x":-0.05640999227762222,"y":-0.5787545442581177,"z":0.04017557576298714,"w":-0.8125673532485962},"size":4.662770748138428,"orthographic":false}